iteration_id,total_run_time(s)
0,7114.886658906937
1,7243.1355838775635
2,7305.586242437363
