iteration_id,total_run_time(s)
Sat Sep  2 06:56:14 2023,40.792908668518066
Sat Sep  2 07:10:32 2023,23.30099606513977
Sat Sep  2 09:47:03 2023,8185.431322336197
