generation_id,generation_index,top_fitness
0e0b3e00,0,0.15189919981324587
2d33d9e1,1,0.1530966748769527
72bde6f8,2,0.38231514526327187
3e116ef7,3,0.3428484458445654
