generation_id,generation_index,top_fitness
eb89bdc8,0,0.4193025491203828
b1b2df94,1,0.40985556831937303
91c02a4f,2,0.6459001475828434
dc521fde,3,0.40580840293971854
