generation_id,generation_index,top_fitness
994807ca,0,0.16802817613015153
4263fccd,1,0.3705262316847712
41aab71b,2,0.15356147644446844
c8a3d0eb,3,0.1546771503572868
