generation_id,generation_index,top_fitness
adb408e0,0,0.5942504630221636
a0a5fedc,1,0.171740385182277
e423baff,2,0.35420960945089786
