generation_id,generation_index,top_fitness
a647bbb9,0,0.6547029239336312
f5dd38df,1,0.40957825095345046
