generation_id,generation_index,top_fitness,saved_specimen
e4547c76,9,0.8578731846080703,3df356bc
51792fcd,13,0.8601513965015983,b4757a9f
